<?xml version="1.0" encoding="UTF-8" standalone="yes"?>
<addon id="repository.reposito-RAL" name="[COLOR lime]reposito-RAL[/COLOR] Repo" version="1.0.0" provider-name="RAL">
    <extension point="xbmc.addon.repository" name="Mi repositorio">
        <info>https://raw.githubusercontent.com/raltango/reposito-RAL/master/addons.xml</info>
        <checksum>https://raw.githubusercontent.com/raltango/reposito-RAL/master/addons.xml.md5</checksum>
        <datadir zip="true">https://raw.githubusercontent.com/raltango/master/Repositorio/</datadir>
    </extension>
    <extension point="xbmc.addon.metadata">
        <summary>Repositorio para Mi</summary>
        <description></description>
        <disclaimer></disclaimer>
        <platform>all</platform>
    </extension>
</addon>
